timestamp,elapsedSeconds,rssKb,fdCount
1773497088,0,91840,136
1773497093,5,91824,136
1773497098,10,315072,182
1773497103,15,377312,208
1773497108,20,454272,238
1773497113,25,486640,252
1773497119,30,487200,252
1773497124,35,515728,256
1773497129,40,536064,386
1773497134,45,536192,386
1773497139,50,555536,386
1773497144,55,555552,386
1773497150,60,569168,386
1773497155,65,569200,386
1773497160,70,583712,386
1773497165,75,583712,386
1773497170,80,593296,386
1773497175,85,593328,386
1773497181,90,594576,386
1773497186,95,594816,386
1773497191,100,594816,386
1773497196,105,594992,386
1773497201,110,594992,386
1773497206,115,595136,386
1773497211,120,595136,386
1773497217,125,595168,386
1773497222,130,595168,386
1773497227,135,595392,386
1773497232,140,595392,386
1773497237,145,601296,386
1773497242,150,601296,386
1773497248,155,601552,386
1773497253,160,601568,386
1773497258,165,601792,386
1773497263,170,601792,386
1773497268,175,601856,386
1773497273,180,601856,386
1773497279,185,602320,386
1773497284,190,602320,386
1773497289,195,602384,386
1773497294,200,602384,386
1773497299,205,602384,386
1773497304,210,602400,386
1773497310,215,602400,386
1773497315,220,602416,386
1773497320,225,602432,386
1773497325,230,602448,386
1773497330,235,602480,386
1773497335,240,602480,386
1773497341,245,602480,386
1773497346,250,602496,386
1773497351,255,602496,386
1773497356,260,602496,386
1773497361,265,602496,386
1773497366,270,602496,386
1773497372,275,602496,386
1773497377,280,602496,386
1773497382,285,602496,386
1773497387,290,602496,386
1773497392,295,602496,386
1773497397,300,602496,386
1773497403,305,602496,386
1773497408,310,602496,386
1773497413,315,602496,386
1773497418,320,602496,386
1773497423,325,602496,386
1773497428,330,602496,386
1773497433,335,602496,386
1773497439,340,602496,386
1773497444,345,602496,386
1773497449,350,602496,386
1773497454,355,602496,386
1773497459,360,602496,386
1773497464,365,602496,386
1773497470,370,602496,386
1773497475,375,602496,386
1773497480,380,602512,386
1773497485,385,602528,386
1773497490,390,602528,386
1773497495,395,602528,386
1773497501,400,602528,386
1773497506,405,602528,386
1773497511,410,602528,386
1773497516,415,602528,386
1773497521,420,602528,386
1773497526,425,602528,386
1773497532,430,602528,386
1773497537,435,602528,386
1773497542,440,602528,386
1773497547,445,602528,386
1773497552,450,602528,386
1773497557,455,602528,386
1773497563,460,602528,386
1773497568,465,602528,386
1773497573,470,602528,386
1773497578,475,602528,386
1773497583,480,602528,386
1773497588,485,602528,386
1773497594,490,602528,386
1773497599,495,602528,386
1773497604,500,602528,386
1773497609,505,602528,386
1773497614,510,602528,386
1773497619,515,602528,386
1773497625,520,602528,386
1773497630,525,602528,386
1773497635,530,602528,386
1773497640,535,602528,386
1773497645,540,602528,386
1773497650,545,602528,386
1773497656,550,602576,386
1773497661,555,602576,386
1773497666,560,602576,386
1773497671,565,602576,386
1773497676,570,602576,386
1773497681,575,602576,386
1773497687,580,602576,386
1773497692,585,602576,386
1773497697,590,602576,386
1773497702,595,602576,386
1773497707,600,602576,386
1773497712,605,602576,386
1773497718,610,602576,386
1773497723,615,602576,386
1773497728,620,602576,386
1773497733,625,602576,386
1773497738,630,602576,386
1773497743,635,602576,386
1773497748,640,602576,386
1773497754,645,602576,386
1773497759,650,602576,386
1773497764,655,602576,386
1773497769,660,602576,386
1773497774,665,602576,386
1773497779,670,602576,386
1773497785,675,602576,386
1773497790,680,602576,386
1773497795,685,602576,386
1773497800,690,602576,386
1773497805,695,602576,386
1773497810,700,602576,386
1773497816,705,602576,386
1773497821,710,602576,386
1773497826,715,602576,386
1773497831,720,602576,386
1773497836,725,602576,386
1773497841,730,602576,386
1773497847,735,602576,386
1773497852,740,602576,386
1773497857,745,602576,386
1773497862,750,602576,386
1773497867,755,602576,386
1773497872,760,602576,386
1773497878,765,602576,386
1773497883,770,602576,386
1773497888,775,602576,386
1773497893,780,602576,386
1773497898,785,602576,386
1773497903,790,602576,386
1773497909,795,602576,386
1773497914,800,602576,386
1773497919,805,602576,386
1773497924,810,602576,386
1773497929,815,602592,386
1773497934,820,602592,386
1773497940,825,602608,386
1773497945,830,602608,386
1773497950,835,602608,386
1773497955,840,602608,386
1773497960,845,602608,386
1773497965,850,602608,386
1773497971,855,602608,386
1773497976,860,602608,386
1773497981,865,602608,386
1773497986,870,602608,386
1773497991,875,602608,386
1773497996,880,602608,386
1773498002,885,602608,386
1773498007,890,602608,386
1773498012,895,602608,386
1773498017,900,602608,386
1773498022,905,602608,386
1773498027,910,602608,386
1773498033,915,602608,386
1773498038,920,602608,386
1773498043,925,602608,386
1773498048,930,602608,386
1773498053,935,602608,386
1773498058,940,602608,386
1773498064,945,602608,386
1773498069,950,602608,386
1773498074,955,602608,386
1773498079,960,602608,386
1773498084,965,602608,386
1773498089,970,602608,386
1773498095,975,602608,386
1773498100,980,602608,386
1773498105,985,602608,386
1773498110,990,602608,386
1773498115,995,602608,386
1773498120,1000,602608,386
1773498125,1005,602608,386
1773498131,1010,602608,386
1773498136,1015,602608,386
1773498141,1020,602608,386
1773498146,1025,602608,386
1773498151,1030,602608,386
1773498157,1035,602608,386
1773498162,1040,602608,386
1773498167,1045,602624,386
1773498172,1050,602624,386
1773498177,1055,602624,386
1773498182,1060,602624,386
1773498187,1065,602624,386
1773498193,1070,602624,386
1773498198,1075,602624,386
1773498203,1080,602624,386
1773498208,1085,602624,386
1773498213,1090,602624,386
1773498218,1095,602624,386
1773498224,1100,602624,386
1773498229,1105,602624,386
1773498234,1110,602640,386
1773498239,1115,602656,386
1773498244,1120,602672,386
1773498250,1125,602672,386
1773498255,1130,602672,386
1773498260,1135,602672,386
1773498265,1140,602672,386
1773498270,1145,602672,386
1773498275,1150,602672,386
1773498280,1155,602672,386
1773498286,1160,602672,386
1773498291,1165,602672,386
1773498296,1170,602672,386
1773498301,1175,602672,386
1773498306,1180,602672,386
1773498311,1185,602672,386
1773498317,1190,602672,386
1773498322,1195,602672,386
1773498327,1200,602672,386
1773498332,1205,602672,386
1773498337,1210,602672,386
1773498342,1215,602672,386
1773498348,1220,602672,386
1773498353,1225,602672,386
1773498358,1230,602672,386
1773498363,1235,602672,386
1773498368,1240,602672,386
1773498373,1245,602672,386
1773498379,1250,602672,386
1773498384,1255,602672,386
1773498389,1260,602672,386
1773498394,1265,602672,386
1773498399,1270,602672,386
1773498404,1275,602672,386
1773498410,1280,602672,386
1773498415,1285,602672,386
1773498420,1290,602672,386
1773498425,1295,602672,386
1773498430,1300,602672,386
1773498435,1305,602672,386
1773498440,1310,602672,386
1773498446,1315,602672,386
1773498451,1320,602672,386
1773498456,1325,602672,386
1773498461,1330,602672,386
1773498466,1335,602672,386
1773498471,1340,602672,386
1773498477,1345,602672,386
1773498482,1350,602672,386
1773498487,1355,602672,386
1773498492,1360,602672,386
1773498497,1365,602672,386
1773498502,1370,602672,386
1773498508,1375,602672,386
1773498513,1380,602672,386
1773498518,1385,602672,386
1773498523,1390,602672,386
1773498528,1395,602672,386
1773498533,1400,602672,386
1773498539,1405,602672,386
1773498544,1410,602672,386
1773498549,1415,602672,386
1773498554,1420,602672,386
1773498559,1425,602672,386
1773498564,1430,602672,386
1773498570,1435,602672,386
1773498575,1440,602672,386
1773498580,1445,602672,386
1773498585,1450,602672,386
1773498590,1455,602672,386
1773498595,1460,602672,386
1773498601,1465,602672,386
1773498606,1470,602672,386
1773498611,1475,602672,386
1773498616,1480,602672,386
1773498621,1485,602672,386
1773498626,1490,602672,386
1773498632,1495,602672,386
1773498637,1500,602672,386
1773498642,1505,602672,386
1773498647,1510,602672,386
1773498652,1515,602672,386
1773498657,1520,602672,386
1773498663,1525,602688,386
1773498668,1530,602688,386
1773498673,1535,602688,386
1773498678,1540,602688,386
1773498683,1545,602688,386
1773498689,1550,602688,386
1773498694,1555,602688,386
1773498699,1560,602688,386
1773498704,1565,602688,386
1773498709,1570,602688,386
1773498714,1575,602688,386
1773498720,1580,602688,386
1773498725,1585,602688,386
1773498730,1590,602688,386
1773498735,1595,602704,386
1773498740,1600,602704,386
1773498745,1605,602704,386
1773498750,1610,602704,386
1773498756,1615,602704,386
1773498761,1620,602704,386
1773498766,1625,602704,386
1773498771,1630,602720,386
1773498776,1635,602720,386
1773498781,1640,602720,386
1773498787,1645,602720,386
1773498792,1650,602720,386
1773498797,1655,602720,386
1773498802,1660,602720,386
1773498807,1665,602720,386
1773498812,1670,602720,386
1773498818,1675,602720,386
1773498823,1680,602720,386
1773498828,1685,602720,386
1773498833,1690,602720,386
1773498838,1695,602720,386
1773498844,1700,602720,386
1773498849,1705,602720,386
1773498854,1710,602720,386
1773498859,1715,602720,386
1773498864,1720,602720,386
1773498869,1725,602720,386
1773498874,1730,602720,386
1773498880,1735,602736,386
1773498885,1740,602736,386
1773498890,1745,602736,386
1773498895,1750,602736,386
1773498900,1755,602736,386
1773498905,1760,602736,386
1773498911,1765,602880,136
1773498916,1770,602848,136
1773498921,1775,602848,136
1773498926,1780,602848,136
1773498931,1785,602848,136
1773498936,1790,602848,136
1773498941,1795,602848,136
1773498946,1800,602848,136
